Position (mm), F_D hotwire [N], C_D hotwire, Re hotwire, F_D pitot [N], C_D pitot, Re pitot
104.8, -22.554859607741456, -0.012924455326680469, 27438.943077255757, -27.781196885069118, -0.015919267258021508, 27768.719059634164
161.9, -21.257876476166796, -0.012253826496911561, 27357.56978290264, -23.38045731262893, -0.01347736062200807, 27767.51108900273
238.1, -20.55000344977898, -0.01223215007084826, 26922.041462518766, -20.991283537025666, -0.012494816900256335, 27686.247610161576
66.7, -22.94978560547178, -0.013166455316984706, 27422.580565975575, -34.08527199321377, -0.01955496309991318, 27605.31357785625